{
  "signals": {},
  "price_history": {
    "0G_TL": [
      24.99,
      25.04
    ],
    "1INCH_TL": [
      4.45,
      4.45
    ],
    "2Z_TL": [
      4.32,
      4.32
    ],
    "AAVE_TL": [
      4245.39,
      4240.49
    ],
    "ACM_TL": [
      19.76,
      19.98
    ],
    "ADA_TL": [
      12.045,
      12.016
    ],
    "AERO_TL": [
      20.74,
      20.73
    ],
    "AEVO_TL": [
      1.33,
      1.33
    ],
    "AFC_TL": [
      21.7,
      21.74
    ],
    "AIXBT_TL": [
      1.58,
      1.5822
    ],
    "AKT_TL": [
      27.81,
      27.82
    ],
    "ALGO_TL": [
      5.393,
      5.381
    ],
    "ALICE_TL": [
      6.28,
      6.3
    ],
    "ALT_TL": [
      0.3618,
      0.3616
    ],
    "ANIME_TL": [
      0.222,
      0.222
    ],
    "ANKR_TL": [
      0.2288,
      0.229
    ],
    "APE_TL": [
      7.23,
      7.19
    ],
    "API3_TL": [
      16.95,
      16.95
    ],
    "APT_TL": [
      45.99,
      46.0
    ],
    "ARB_TL": [
      5.77,
      5.74
    ],
    "ARG_TL": [
      33.65,
      33.85
    ],
    "ARKM_TL": [
      6.05,
      6.05
    ],
    "ASM_TL": [
      3.79,
      3.79
    ],
    "ASR_TL": [
      57.48,
      57.74
    ],
    "ASTER_TL": [
      30.49,
      30.6
    ],
    "ASTON_TL": [
      5.39,
      5.39
    ],
    "ATH_TL": [
      0.2972,
      0.2964
    ],
    "ATLAS_TL": [
      0.0083,
      0.0085
    ],
    "ATM_TL": [
      48.04,
      48.04
    ],
    "ATOM_TL": [
      86.1,
      86.15
    ],
    "AUDIO_TL": [
      0.924,
      0.922
    ],
    "AVAX_TL": [
      433.11,
      433.15
    ],
    "AVL_TL": [
      6.24,
      6.25
    ],
    "AVNT_TL": [
      6.76,
      6.76
    ],
    "AXL_TL": [
      3.3,
      3.32
    ],
    "AXS_TL": [
      62.07,
      62.15
    ],
    "A_TL": [
      4.13,
      4.06
    ],
    "BAL_TL": [
      7.03,
      7.03
    ],
    "BAND_TL": [
      10.4,
      10.39
    ],
    "BAR_TL": [
      19.33,
      19.31
    ],
    "BAT_TL": [
      4.861,
      4.869
    ],
    "BCH_TL": [
      21102.11,
      21021.86
    ],
    "BEAM_TL": [
      0.0905,
      0.0908
    ],
    "BENFICA_TL": [
      6.33,
      6.31
    ],
    "BERA_TL": [
      17.45,
      17.41
    ],
    "BIO_TL": [
      2.18,
      2.16
    ],
    "BJK_TL": [
      7.23,
      7.28
    ],
    "BLUR_TL": [
      1.216,
      1.215
    ],
    "BONK_TL": [
      0.000305,
      0.0003036
    ],
    "BTC_TL": [
      3677629.0,
      3675587.0
    ],
    "BTTC_TL": [
      1.473e-05,
      1.475e-05
    ],
    "CEEK_TL": [
      0.137,
      0.137
    ],
    "CHZ_TL": [
      1.9339,
      1.9384
    ],
    "CITY_TL": [
      25.39,
      25.8
    ],
    "CLV_TL": [
      0.165,
      0.165
    ],
    "COMP_TL": [
      1060.65,
      1060.76
    ],
    "COW_TL": [
      8.13,
      8.11
    ],
    "CRV_TL": [
      11.28,
      11.27
    ],
    "CTSI_TL": [
      1.514,
      1.515
    ],
    "DOGE_TL": [
      5.0794,
      5.0768
    ],
    "DOT_TL": [
      59.29,
      59.24
    ],
    "DRIFT_TL": [
      1.63,
      1.62
    ],
    "DYDX_TL": [
      6.81,
      6.77
    ],
    "DYM_TL": [
      0.9,
      0.89
    ],
    "EFC_TL": [
      3.57,
      3.57
    ],
    "EIGEN_TL": [
      8.99,
      9.0
    ],
    "ENA_TL": [
      5.44,
      5.43
    ],
    "ENJ_TL": [
      2.319,
      2.337
    ],
    "ENS_TL": [
      297.96,
      297.05
    ],
    "ETHFI_TL": [
      19.68,
      19.67
    ],
    "ETH_TL": [
      106190.0,
      106151.0
    ],
    "FB_TL": [
      14.02,
      14.0
    ],
    "FET_TL": [
      10.144,
      10.129
    ],
    "FF_TL": [
      2.87,
      2.87
    ],
    "FIL_TL": [
      48.6,
      48.86
    ],
    "FLOKI_TL": [
      0.0015179,
      0.00151233
    ],
    "FLR_TL": [
      0.3496,
      0.3505
    ],
    "GALA_TL": [
      0.1669,
      0.1661
    ],
    "GAL_TL": [
      64.3,
      64.18
    ],
    "GLM_TL": [
      6.273,
      6.289
    ],
    "GOAT_TL": [
      0.85,
      0.85
    ],
    "GOZ_TL": [
      5.53,
      5.53
    ],
    "GRASS_TL": [
      17.01,
      16.79
    ],
    "GRT_TL": [
      1.199,
      1.196
    ],
    "HNT_TL": [
      42.8,
      43.35
    ],
    "HOT_TL": [
      0.01965,
      0.01967
    ],
    "HYPE_TL": [
      1941.91,
      1947.75
    ],
    "ICP_TL": [
      137.67,
      137.35
    ],
    "ILV_TL": [
      215.59,
      216.55
    ],
    "IMX_TL": [
      7.94,
      7.87
    ],
    "INJ_TL": [
      175.86,
      175.28
    ],
    "INTER_TL": [
      14.53,
      14.53
    ],
    "IO_TL": [
      6.82,
      6.88
    ],
    "ITA_TL": [
      4.73,
      4.75
    ],
    "JASMY_TL": [
      0.2645,
      0.2638
    ],
    "JOE_TL": [
      2.18,
      2.18
    ],
    "JTO_TL": [
      19.16,
      19.07
    ],
    "JUP_TL": [
      8.99,
      9.0
    ],
    "JUV_TL": [
      22.38,
      22.5
    ],
    "KAITO_TL": [
      22.52,
      22.6
    ],
    "KITE_TL": [
      6.942,
      6.956
    ],
    "LAYER_TL": [
      3.97,
      3.97
    ],
    "LDO_TL": [
      17.62,
      17.53
    ],
    "LINEA_TL": [
      0.1701,
      0.1701
    ],
    "LINK_TL": [
      450.94,
      451.06
    ],
    "LPT_TL": [
      101.11,
      101.51
    ],
    "LRC_TL": [
      0.784,
      0.784
    ],
    "LTC_TL": [
      2559.65,
      2563.42
    ],
    "MAGIC_TL": [
      3.06,
      3.05
    ],
    "MANA_TL": [
      4.159,
      4.159
    ],
    "MANTA_TL": [
      3.08,
      3.08
    ],
    "MASK_TL": [
      22.92,
      22.81
    ],
    "MEGA_TL": [
      5.622,
      5.6
    ],
    "MEME_TL": [
      0.0278,
      0.0275
    ],
    "MET_TL": [
      7.6,
      7.61
    ],
    "ME_TL": [
      4.95,
      4.95
    ],
    "MINA_TL": [
      2.92,
      2.92
    ],
    "MIOTA_TL": [
      2.661,
      2.659
    ],
    "MNT_TL": [
      30.05,
      30.05
    ],
    "MON_TL": [
      1.474,
      1.469
    ],
    "MORPHO_TL": [
      101.75,
      102.21
    ],
    "MOVE_TL": [
      0.82,
      0.82
    ],
    "NAP_TL": [
      12.66,
      12.68
    ],
    "NEAR_TL": [
      67.57,
      67.29
    ],
    "NEO_TL": [
      132.88,
      132.66
    ],
    "NMR_TL": [
      407.61,
      407.25
    ],
    "NST_TL": [
      65.56,
      65.59
    ],
    "ODOS_TL": [
      0.0498,
      0.0497
    ],
    "OGFAN_TL": [
      138.95,
      139.72
    ],
    "OGN_TL": [
      1.097,
      1.096
    ],
    "OMG_TL": [
      2.89,
      2.89
    ],
    "ONDO_TL": [
      14.61,
      14.64
    ],
    "ONT_TL": [
      2.877,
      2.873
    ],
    "OP_TL": [
      6.41,
      6.44
    ],
    "OXT_TL": [
      0.429,
      0.429
    ],
    "PDA_TL": [
      0.063,
      0.063
    ],
    "PENDLE_TL": [
      86.88,
      87.23
    ],
    "PENGU_TL": [
      0.4841,
      0.4848
    ],
    "PEPE_TL": [
      0.00018748,
      0.00018735
    ],
    "PEPPER_TL": [
      4.615e-05,
      4.589e-05
    ],
    "PLUME_TL": [
      0.5742,
      0.577
    ],
    "PNUT_TL": [
      2.8,
      2.78
    ],
    "POL_TL": [
      4.46,
      4.46
    ],
    "POR_TL": [
      28.38,
      28.41
    ],
    "PSG_TL": [
      37.3,
      36.5
    ],
    "PUMP_TL": [
      0.0878,
      0.0877
    ],
    "PYTH_TL": [
      2.34,
      2.34
    ],
    "QNT_TL": [
      3207.59,
      3208.31
    ],
    "RACA_TL": [
      0.00082,
      0.00082
    ],
    "RAD_TL": [
      11.2,
      11.19
    ],
    "RAY_TL": [
      36.43,
      36.5
    ],
    "RDNT_TL": [
      0.081,
      0.0813
    ],
    "RED_TL": [
      6.52,
      6.52
    ],
    "REEF_TL": [
      0.0034,
      0.0035
    ],
    "RENDER_TL": [
      88.05,
      88.13
    ],
    "RLC_TL": [
      21.38,
      21.35
    ],
    "RVN_TL": [
      0.2782,
      0.2744
    ],
    "SAHARA_TL": [
      1.1821,
      1.1884
    ],
    "SAM_TL": [
      8.13,
      8.11
    ],
    "SAND_TL": [
      3.5,
      3.5
    ],
    "SAUBER_TL": [
      6.66,
      6.65
    ],
    "SEI_TL": [
      2.785,
      2.778
    ],